ds,yhat,yhat_lower,yhat_upper,trend,trend_lower,trend_upper
2010-11-20,0.3047762596576259,0.27512926637523416,0.33743312246424445,0.293290930383998,0.29327201261255276,0.29329115167748504
