ds,yhat,yhat_lower,yhat_upper,trend,trend_lower,trend_upper
2010-11-21,-22371443632.33803,-22371443632.34814,-22371443632.327427,0.029035136270930403,0.02903513626862643,0.029035136271260645
