ds,yhat,yhat_lower,yhat_upper,trend,trend_lower,trend_upper
2021-11-04,62508.66938964521,61755.337181555566,63240.78146049666,37697.43804460965,37697.43804460965,37697.43804460965
