ds,yhat,yhat_lower,yhat_upper,trend,trend_lower,trend_upper
2021-11-04,48477.968472895926,42070.45183454597,54754.146614187455,48902.68029364552,48902.68029364552,48902.68029364552
